<?xml version="1.0"?>
<ArrayOfXmlGroup xmlns:xsi="http://www.w3.org/2001/XMLSchema-instance" xmlns:xsd="http://www.w3.org/2001/XMLSchema">
  <!--Summary Group-->
  <XmlGroup>
    <GroupId>9</GroupId>
    <ParametersList>
      <string>EX_ACQ.scan_type</string>
      <string>EX_GEO.fov</string>
      <string>EX_GEO.fov_p</string>
      <string>EX_STACKS[EX_GEO.cur_stack_id].fov_s</string>
      <string>EX_GEO.voxel_size_m</string>
      <string>EX_GEO.voxel_size_p</string>
      <string>EX_GEO.acq_voxel_size_s</string>
      <string>EX_GEO.cur_stack_id</string>
      <string>EX_GEO.stacks</string>
      <string>EX_STACKS[EX_GEO.cur_stack_id].slices</string>
      <string>EX_GEO.slice_gap_mode</string>
      <string>EX_STACKS[EX_GEO.cur_stack_id].slice_gap</string>
      <string>EX_SPIR.fat_suppression</string>
      <string>EX_ACQ.measurements</string>
      <string>EX_COIL.control_SAR_mode</string>
      <!--NSA-->
      <string>EX_ACQ.scan_mode</string>
      <string>EX_GEO.sense_p_red_factor</string>
      <string>EX_GEO.sense_s_red_factor</string>
      <string>EX_ACQ.accelerationMethod</string>
      <string>EX_ACQ.cs_factor</string>
      <!--bbslicThickness-->
      <string>EX_BBI.slice_thickness</string>
      <string>EX_BBI.type_enum</string>
      <!--Inversion delay-->
      <string>EX_TFEPP.pre_T1_delay</string>
      <string>EX_TFEPP.pre_T1_delay_enum</string>
      <string>EX_TFEPP.prepulses</string>
      <!--pc velocity-->
      <string>EX_PC.flow_dirs</string>
      <string>EX_PC.velocity</string>
      <string>EX_PC.quant_flow</string>
      <string>EX_PC.angio_mode</string>
      <!--Max B Factor-->
      <string>EX_DIFF.nr_weightings</string>
      <string>EX_DIFF.b_factor</string>
    </ParametersList>
    <InfoParametersList>
      <string>IF.act_slice_gap</string>
      <string>IF.meas_matrix_size</string>
      <string>IF.sar_lvl_whole_body</string>
    </InfoParametersList>
  </XmlGroup>
  <!--Physiology Group-->
  <XmlGroup>
    <GroupId>10</GroupId>
    <ParametersList>
      <string>EX_ACQ.partial_matrix</string>
      <string>EX_ACQ.scan_mode</string>
      <string>EX_CARD.trig_delay</string>
      <string>EX_CARD.gate_delay_ms</string>
      <string>EX_CARD.nr_heart_phases</string>
      <string>EX_RNAV.gating_window</string>
      <string>EX_RESP.user_def_bh_time_enum</string>
      <string>EX_RESP.user_def_bh_time_sec</string>
      <string>EX_RESP.hold</string>
      <string>EX_RESP.trig_delay</string>
      <string>EX_RESP.slices_per_package</string>
      <string>EX_CARD.heart_phase_control</string>
      <string>EX_CARD.trig_delay_enum</string>
      <string>EX_CARD.gate_delay</string>
      <string>EX_CARD.device</string>
      <string>EX_CARD.rr_interval_window</string>
      <string>EX_CARD.arrhythmia_rej</string>
      <string>EX_CARD.sync</string>
      <string>EX_RESP.synch</string>
      <string>EX_RNAV.resp_comp</string>
      <string>EX_RNAV.gating_level_drift</string>
      <string>EX_RNAV.scale_factor</string>
      <string>EX_RESP.breathhold_instr</string>
      <string>EX_RESP.autovoice_bh</string>
      <string>EX_TFE.shot_duration</string>
    </ParametersList>
    <InfoParametersList>
      <string>IF.max_heart_phases</string>
      <string>IF.act_gate_delay</string>
      <string>IF.no_trig_period_trig_del</string>
      <string>IF.resp_trig_dur</string>
    </InfoParametersList>
  </XmlGroup>
  <!--ScanInfoBar Group-->
  <XmlGroup>
    <GroupId>998</GroupId>
    <ParametersList />
    <InfoParametersList>
      <string>EX_STACKS[EX_GEO.cur_stack_id].slices</string>
      <string>EX_ACQ.imaging_sequence</string>
      <string>IF.act_rep_time_echo_time</string>
      <string>IF.act_SE_echo_time</string>
      <string>IF_SPY.act_steam_tr_te_tm</string>
      <string>EX_GEO.orient_name</string>
      <string>EX_STACKS[EX_GEO.cur_stack_id].orientation</string>
      <string>IF.str_total_scan_time</string>
      <string>IF.breathhold_scan_time</string>
      <string>IF.nr_breathholds</string>
      <string>IF.resp_trig_dur</string>
      <string>IF.str_dyna_scan_time</string>
      <string>IF.str_dyn_keyh_scan_time</string>
      <string>EX_ACQ.scan_mode</string>
      <string>IF.echo_spacing_shot_dur</string>
      <string>IF.absolute_SNR</string>
      <string>IF.relative_SNR</string>
      <string>IF.wf_shift_bw_per_pix_echo1</string>
      <string>IF.wf_shift_bw_per_pix_echo2</string>
      <string>IF.bw_per_pix_EPI_read_out</string>
      <string>IF.meas_matrix_size</string>
      <string>IF.meas_voxel_size</string>
      <string>EX_GEO.voxel_size_p</string>
      <string>EX_GEO.voxel_size_m</string>
      <string>EX_GEO.acq_voxel_size_s</string>
      <string>EX_STACKS[EX_GEO.cur_stack_id].slice_gap</string>
      <string>IF.cardiac_freq</string>
      <string>IF.no_trig_period_trig_del</string>
      <string>IF.sar_lvl_whole_body</string>
      <string>IF.sar_lvl_head</string>
      <string>IF.sar_lvl_local</string>
      <string>IF.sar_lvl_extremities</string>
      <string>IF.sar_info_whole_body</string>
      <string>IF.sar_info_head</string>
      <string>IF.sar_info_extremities</string>
      <string>IF.pns_info</string>
      <string>IF.B1_rms</string>
      <string>IF.sound_pressure_level</string>
      <string>IF.act_slice_gap</string>
      <string>EX_CARD.gate_delay_ms</string>
      <string>EX_RNAV.gating_window</string>
      <string>EX_CARD.sync</string>
      <string>EX_DIFF.enable</string>
      <string>EX_SPIR.fat_suppression</string>
      <string>EX_DIFF.b_factor</string>
      <string>EX_IR.delay</string>
      <string>EX_TFEPP.pre_T1_delay</string>
      <string>EX_PC.velocity</string>
      <string>EX_BBI.type_enum</string>
      <string>EX_BBI.slice_thickness</string>
      <string>EX_DIFF.nr_weightings</string>
      <string>EX_PC.flow_dirs</string>
      <string>EX_PC.quant_flow</string>
      <string>EX_TFEPP.prepulses</string>
      <string>EX_TFEPP.pre_T1_delay_enum</string>
      <string>EX_PC.angio_mode</string>
      <string>EX_ACQ.dixon</string>
      <string>EX_RESP.synch</string>
      <string>EX_RNAV.resp_comp</string>
      <string>EX_ACQ.accelerationMethod</string>
      <string>EX_GEO.sense_s_red_factor</string>
      <string>EX_GEO.sense_p_red_factor</string>
      <string>EX_ACQ.cs_factor</string>
	    <string>EX_GEO.cur_stack_id</string>
    </InfoParametersList>
  </XmlGroup>
</ArrayOfXmlGroup>